Region|City|Name|Address
Australia,Melbourne,Bourke Street,"152 Elizabeth Street, Melbourne VIC 3000"
Australia,Melbourne,Collins Street,"401 Collins Street, Melbourne VIC 3000"
Australia,Sydney,333 George Street,"333 George Street, Sydney NSW 2000"
Australia,Sydney,Pyrmont,"100 Harris St, Sydney NSW 2009"
Australia,Sydney,Martin Place,"5 Martin Place, Sydney NSW 2000"
Canada,Montreal,L'Avenue,"1275 Avenue des Canadiens-de-Montréal, Montreal QC H3B 0G4"
Canada,Montreal,Place Ville Marie,"3 Place Ville Marie, Montreal QC H3B 2E3"
Canada,Toronto,33 Bloor Street,"33 Bloor , Toronto ON M4W 3H1"
Canada,Toronto,Richmond Street West,"240 Richmond Street W, Toronto ON M5V 1V6"
Canada,Vancouver,Burrard Station,"595 Burrard St, Vancouver BC V7X 1L4"
Canada,Vancouver,555 Burrard Street,"555 Burrard St, Vancouver BC V7X 1M8"
China,Beijing,Digital Media Building,"7 Xinxi Rd, Beijing 11 100085"
China,Beijing,Ciyunsi,"6th FL, Tower A Sino Ocean International Center, 56 East 4th Ring Road Middle , Beijing 11 100025"
China,Beijing,Sanlitun,"North Taikoo Li, 11 Sanlitun Road, TWR N3, Beijing 11 100027"
China,Beijing,Beijing FUN,"No. 19 Langfangtoutiao, Beijing 11 100051"
China,Beijing,Guomao,"112 Jianguo Road, Beijing 11 100000"
China,Beijing,Guanghua Lu,"7th FL, Tower AB Office Park, 10 Jintong West Road, Beijing 11 100020"
China,Beijing,Wangjing,"16 South Guangshun Street, Donghuang Building 17th Floor, Beijing 11 100015"
China,Hong Kong,Standard Chartered Tower,"388 Kwun Tong Rd, Hong Kong"
China,Hong Kong,Wan Chai,"10F Mass Mutual Tower, 33 Lockhart Road, Hong Kong"
China,Hong Kong,Cityplaza Three,"Cityplaza Three, Hong Kong HK"
China,Hong Kong,Tower 535,"20/F Tower 535, 535 Jaffe Road, Hong Kong"
China,Shanghai,Yunnan Lu,"The Konnect, No. 118 South Yunnan Road, Shanghai 31 200010"
China,Shanghai,Yan'an Dong Lu,"588 Yan'an East Road, Shanghai 31 200000"
China,Shanghai,Nanjing Xi Lu,"819 West Nanjing Road, Shanghai 31 200001"
China,Shanghai,Xujiahui,"No. 1901 Huashan Lu, Shanghai 31 200030"
China,Shanghai,Huai Hai Zhong Lu,"627 Huaihai Middle Rd, Shanghai 31 200000"
China,Shanghai,Weihai Lu,"696 Weihai Road, Shanghai 31 200041"
China,Shanghai,Financial Center,"15F, HSBC Building, Shanghai ifc, Shanghai 31 200120"
China,Shanghai,Huamu Lu,"1155 Fangdian Road, Pudong, Shanghai 31 201203"
China,Shanghai,Yanping Lu,"135 Yanping Road, Shanghai 31 200042"
China,Shanghai,Dalian Lu,"500 Dalian Rd, Shanghai 31 200082"
Europe,Amsterdam,Strawinskylaan,"Strawinskylaan 3101, Amsterdam 1077 ZX"
Europe,Amsterdam,Weteringschans,"Weteringschans 165 C, Amsterdam 1017XD"
Europe,Amsterdam,Metropool,"Weesperstraat 61-105, Amsterdam 1018VN"
Europe,Barcelona,Glories,"Luxa, Barcelona B 08018"
Europe,Berlin,Ku'damm,"Kurfürstendamm 11, Berlin BE 10719"
Europe,Berlin,Atrium Tower,"Eichhornstraße 3, Berlin 10785"
Europe,Berlin,Hackescher Markt,"Neue Schônhauserstraße 3-5, Berlin 10178"
Europe,Berlin,Sony Center,"Potsdamer Platz - Kemperplatz 1, Berlin 10785"
Europe,Berlin,Potsdamer Platz,"Stresemannstraße 123, Berlin 10963"
Europe,Dublin,Iveagh Court,"Block D, Iveagh Court, Dublin D02"
Europe,Frankfurt,Goetheplatz,"Neue Rothofstr. 13-19, Frankfurt HE 60313"
Europe,Hamburg,Stadthaus,"Axel-Springer-Platz 3, Hamburg 20355"
Europe,London,Chancery Lane - The Cursitor,"38 Chancery Lane, London WC2A 1EN"
Europe,London,Old St.,"41 Corsham Street, London N1 6DR"
Europe,London,Tower Bridge,"1 St. Katharine's Way, London E1W 1UN"
Europe,London,Soho - Sheraton House,"16 Great Chapel St, London W1F 8FL"
Europe,London,Marylebone - North West House,"119 Marylebone Road, London NW1 5PU"
Europe,London,South Bank,"22 Upper Ground, London SE1 9PD"
Europe,London,Mansion House,"33 Queen St, London EC4R 1AP"
Europe,London,131 Finsbury Pavement,"131 Finsbury Pavement, London EC2A 1NT"
Europe,London,Spitalfields,"1 Primrose Street, London EC2A 2EX"
Europe,London,Kings Place,"90 York Way, London N1 9AG"
Europe,London,Paddington,"2 Eastbourne Terrace, London W2 6LG"
Europe,London,Moorgate,"1 Fore Street Avenue, London EC2Y 9DT"
Europe,London,South Bank Central,"30 Stamford Street, London SE1 9PY"
Europe,London,Chancery Lane: Fox Court,"14 Gray's Inn Road, London WC1X 8HN"
Europe,London,Waterhouse Square,"138 Holborn, London EC1N 2SW"
Europe,London,Aldwych House,"71-91 Aldwych, London WC2B 4HN"
Europe,London,Soho - Medius House,"2 Sheraton St, London W1F 8BH"
Europe,London,Hammersmith Grove,"12 Hammersmith Grove, London W6 7AP"
Europe,London,Devonshire Square,"9 Devonshire Square, London EC2M 4YD"
Europe,London,London Fields,"115 Mare Street, London UK E8 4RU"
Europe,London,Hoxton,"97 Hackney Rd, London E2 8ET"
Europe,London,Hammersmith: Brook Green,"Shepherds Bush Road, London W6 7NL"
Europe,London,Aldgate Tower,"Aldgate Tower, London E1 8FA"
Europe,London,Shoreditch Mark Square,"1 Mark Square , London EC2A 4EG"
Europe,London,Bishopsgate,"15 Bishopsgate, London EC2N 3AR"
Europe,Madrid,Paseo De La Castellana 77,"Paseo de la Castellana 77, Madrid M 28046"
Europe,Madrid,Castellana 43,"Paseo de la Castellana, 43, Madrid M 28046"
Europe,Manchester,1 St Peter's Square,"1 St Peter's Square, Manchester MAN M2 3AE"
Europe,Manchester,No. 1 Spinningfields,"Quay Street, Manchester MAN M3 3JE"
Europe,Munich,Oskar Von Miller,"20 Oskar-von-Miller-Ring, Munich BY 80333"
Europe,Paris,Coeur Marais,"64-66 Rue Des Archives, Paris 75 75003"
Europe,Paris,La Fayette,"33 Rue La Fayette, Paris 75 75009"
Europe,Paris,92 Champs-Élysées,"92 avenue des Champs-Élysées, Paris 75 75008"
Europe,Paris,Colisée,"40 rue du Colisée, Paris 75 75008"
India,Bengaluru,EGL,"Embassy Golf Links, Cinnabar Hills, Bengaluru KA 560071"
India,Bengaluru,Koramangala,"Prestige Atlanta 80 Feet Main Road, Bengaluru KA 560034"
India,Bengaluru,Hebbal,"9th Floor, RMZ Latitude Commercial, Bellary Rd, Hebbal, Near Godrej Apt, Bengaluru KA 560024"
India,Bengaluru,Galaxy,"43 Residency Rd, Bengaluru KA 560025"
India,Mumbai,Marol,"The Masterpiece, Marol Metro Station, Mumbai MH 400059"
India,Mumbai,BKC,"C-20, G Block, Bandra-Kurla Complex, Mumbai MH 400051"
India,Mumbai,Vikhroli West,"13th Floor, 247 Park, Hindustan C. Bus Stop, Lal Bahadur Shastri Rd, Gandhi Nagar, Vikhroli West, Mumbai MH 400079"
India,Mumbai,Oberoi Commerz II,"20th Floor, Oberoi Commerz II, International Business Park, Oberoi Garden City, off Western Express Highway, Goregaon (East), Mumbai MH 400063"
India,NCR,Bristol Chowk,"Platina Tower, Gurugram HR 122001"
Indonesia,Jakarta,Gama Tower,"Jalan HR. Rasuna Said Kav. C22, Jakarta JK 12940"
Israel,Be'er Sheva,Be'er Sheva,"Gev Yam Negev Park, Be'er Sheva 84709"
Israel,Herzliya,Herzliya,"1 Shankar St, Herzliya 4672501"
Israel,Tel Aviv,Dubnov,"7 Dubnov, Tel Aviv 6473207"
Israel,Tel Aviv,Ibn Gabirol,"30 Ibn Gabirol, Tel Aviv 6407807"
Israel,Tel Aviv,Menachem Begin 144,"Derech Menachem Begin 144, Tel Aviv 6492102"
Israel,Tel Aviv,Sarona,"3 Aluf Kalman Magen, Tel Aviv 6107075"
Israel,Tel Aviv,HaZerem,"7 HaPelech Street, Tel Aviv 6816727"
Japan,Tokyo,Ark Hills South,"1-4-5 Roppongi, Tokyo 13 106-0032"
Japan,Tokyo,Hibiya Park Front,"2-1-6 Uchisaiwaicho, Chiyoda-ku, Tokyo 13 100-0011"
Japan,Tokyo,Shimbashi,"6-19-13 Shimbashi, Tokyo 13 105-0004"
Japan,Tokyo,Ginza Six,"6-10-1 Ginza, Tokyo 13 104-0061"
Japan,Tokyo,Iceberg,"6-12-18 Jingumae, Tokyo 13 150-0001"
Japan,Tokyo,Marunouchi Kitaguchi,"1-6-5 Marunouchi, Tokyo 13 100-0005"
Latin America,Bogota,La 93,"Calle 93 #19-55, Bogota DC 110221"
Latin America,Bogota,Usaquén,"Carrera 7 # 116-50, Bogota DC"
Latin America,Buenos Aires,Libertador 1000,"Av. Del Libertador 1000, Vicente López, Buenos Aires B1638BEV"
Latin America,Buenos Aires,Torre Bellini,"Esmeralda 950, Buenos Aires B C1007"
Latin America,Lima,Real 2,"Av. Victor Andrés Belaúnde 147,Via Principal 133, , Lima LIM"
Latin America,Mexico City,Park Plaza,"Av. Javier Barros Sierra 495, Mexico City DIF 01376"
Latin America,Mexico City,Cervantes,"Blvd. Miguel de Cervantes Saavedra 169, Mexico City CMX 11520"
Latin America,Mexico City,Varsovia,"Varsovia 36, Mexico City DIF 06600"
Latin America,Mexico City,Insurgentes Sur 601,"Av. de los Insurgentes 601, Mexico City DIF 3810"
Latin America,Mexico City,Arcos Bosques,"Paseo De Los Tamarindos 90, Mexico City DIF 05120"
Latin America,Mexico City,Reforma Latino,"Paseo de la Reforma 296, Mexico City DIF 06600"
Latin America,Mexico City,Montes Urales,"Montes Urales 424, Lomas - Virreyes, Mexico City DIF 11000"
Latin America,Mexico City,Artz Pedregal,"Blvd. Adolfo Ruiz Cortines 3720, Mexico City CMX 01900"
Latin America,Rio de Janeiro,Ipanema,"495 Visconde de Piraja Avenue, Rio de Janeiro RJ 22410-002"
Latin America,Rio de Janeiro,Carioca,"Avenida Almirante Barroso, 81, Rio de Janeiro RJ 20031-004"
Latin America,Sao Paulo,Berrini,"Av. das Nações Unidas, São Paulo SP 04578-910"
Latin America,Sao Paulo,Faria Lima,"Rua Prof. Atílio Innocenti, São Paulo SP 04538-000"
Latin America,Sao Paulo,habitat,"Avenida Angélica, São Paulo SP 01153-000"
Latin America,Sao Paulo,Av. Das Nações Unidas 14261,"Av. das Nações Unidas, São Paulo SP 04533-085"
Latin America,Sao Paulo,Torre JK,"Av. Presidente Juscelino Kubitschek, São Paulo SP 04543-011"
Latin America,Sao Paulo,Paulista,"Av. Paulista, São Paulo SP 01310-100"
Singapore,Singapore,Spacemob Ascent,"2 Science Park Drive, Singapore 118222"
Singapore,Singapore,60 Anson Road,"60 Anson Road, Singapore 079914"
Singapore,Singapore,Spacemob Claymore,"8 Claymore Hill, Singapore 229572"
Singapore,Singapore,22 Cross Street,"22 Cross Street, Singapore 048421"
Singapore,Singapore,71 Robinson,"71 Robinson Road, Singapore 068895"
Singapore,Singapore,Beach Centre,"15 Beach Road, 2nd Floor , Singapore 189677"
Singapore,Singapore,8 Cross Street,"8 Cross Street, Singapore 048424"
South Korea,Seoul,Seolleung Station,"302, Teheran-ro, Seoul 11 06210"
South Korea,Seoul,Yeoksam Station II,"14, Teheran-ro 26-gil, Seoul 11 06236"
South Korea,Seoul,Euljiro,"343, Samil-daero, Seoul"
South Korea,Seoul,Gangnam Station,"373 Gangnam-daero, Seoul"
South Korea,Seoul,Gwanghwamun,"50 Jong-ro 1-gil, Seoul 03142"
South Korea,Seoul,Samseong Station,"507 Teheran-ro, Seoul 11"
South Korea,Seoul,Yeoksam Station,"142 Teheran-ro, Seoul 06236"
South Korea,Seoul,Yeouido Station,"83, Uisadaing-daero, Yeongdeungpo-gu, Seoul 11 07325"
South Korea,Seoul,Seoul Station,"416 Hangang-Daero Jung-gu , Seoul 11 04637"
US,Atlanta,1372 Peachtree,"1372 Peachtree St, Atlanta GA 30309"
US,Atlanta,Tower Place,"3340 Peachtree Rd NE, Atlanta GA 30326"
US,Atlanta,Terminus,"3280 Peachtree Road NE, Atlanta GA 30305"
US,Atlanta,Colony Square,"1175 Peachtree St NE, Atlanta GA 30361"
US,Austin,801 Barton Springs,"801 Barton Springs, Austin TX 78704"
US,Austin,Congress,"600 Congress Ave, Austin TX 78701"
US,Austin,Domain,"11801 Domain Blvd, Austin TX 78758"
US,Austin,University Park,"3300 N Interstate 35, Austin TX 78705"
US,Austin,West 6th,"221 West 6th Street, Austin TX 78701"
US,Bay Area,Spear Street,"201 Spear St, San Francisco CA 94105"
US,Bay Area,SOMA,"156 2nd Street, San Francisco CA 94105"
US,Bay Area,Berkeley,"2120 University Ave, Berkeley CA 94704"
US,Bay Area,650 California Street,"650 California Street, San Francisco CA 94108"
US,Bay Area,City Center,"1111 Broadway, Oakland CA 94607"
US,Bay Area,Montgomery Station,"44 Montgomery St, San Francisco CA 94104"
US,Bay Area,Transbay,"535 Mission St, San Francisco CA 94105"
US,Bay Area,600 California Street,"600 California Street, San Francisco CA 94108"
US,Bay Area,Embarcadero Center,"2 Embarcadero Center, San Francisco CA 94111"
US,Bay Area,Mid-Market,"995 Market St, San Francisco CA 94103"
US,Bay Area,Civic Center,"1161 Mission St, San Francisco CA 94103"
US,Bay Area,Jackson Square,"655 Montgomery Street, San Francisco CA 94111"
US,Bay Area,Golden Gate,"25 Taylor Street, San Francisco CA 94102"
US,Bay Area,Valley Towers,"75 E Santa Clara Street, San Jose CA 95113"
US,Boston,Fort Point,"51 Melcher St, Boston MA 02210"
US,Boston,Mass Ave.,"625 Massachusetts Ave, Cambridge MA 02139"
US,Boston,One Beacon Street,"1 Beacon St, Boston MA 02108"
US,Boston,St. James,"31 St. James Ave 6th Fl, Boston MA 02116"
US,Boston,200 Portland,"200 Portland St, Boston MA 02114"
US,Boston,South Station,"745 Atlantic Ave, Boston MA 02111"
US,Charlotte,Stonewall Station,"615 S College St, Charlotte NC 28202"
US,Charlotte,128 S Tryon St,"128 South Tryon St, Charlotte NC 28202"
US,Chicago,Grant Park,"332 S Michigan Ave, Chicago IL 60604"
US,Chicago,National Building,"125 S Clark Street, Chicago IL 60603"
US,Chicago,River North,"111 W Illinois St, Chicago IL 60654"
US,Chicago,Kinzie,"20 West Kinzie Street, Chicago IL 60654"
US,Chicago,Fulton Market,"220 N Green St, Chicago IL 60607"
US,Chicago,State Street,"100 S State Street, Chicago IL 60603"
US,Dallas,Thanksgiving Tower,"1601 Elm St, Dallas TX 75201"
US,Dallas,Uptown,"1920 McKinney Ave, Dallas TX 75201"
US,Dallas,Clearfork,"5049 Edwards Ranch, Fort Worth TX 76109"
US,Dallas,Legacy West,"7700 Windrose, Plano TX 75024"
US,Denver,Union Station,"1550 Wewatta St, Denver CO 80202"
US,Denver,LoHi,"2420 17th St, Denver CO 80202"
US,Denver,Larimer Square,"1144 15th Street, Denver CO 80202"
US,Detroit,Campus Martius,"1001 Woodward Ave, Detroit MI 48226"
US,Detroit,Merchant's Row,"1449 Woodward Ave., Detroit MI 48226"
US,Houston,708 Main Street,"708 Main, Houston TX 77002"
US,Houston,Houston Galleria,"2700 Post Oak Blvd, Houston TX 77056"
US,Kansas City,Corrigan Station,"1828 Walnut St, 3rd Floor, Kansas City MO 64108"
US,Los Angeles,Burbank,"3900 W Alameda Ave, Burbank CA 91505"
US,Los Angeles,Long Beach,"100 W Broadway, Long Beach CA 90802"
US,Los Angeles,Culver City,"5792 West Jefferson Blvd, Los Angeles CA 90016"
US,Los Angeles,Santa Monica,"520 Broadway, Santa Monica CA 90401"
US,Los Angeles,Vine,"1601 Vine Street, Los Angeles CA 90028"
US,Los Angeles,Playa Vista,"12655 W. Jefferson Blvd, Los Angeles CA 90066"
US,Los Angeles,Pasadena,"177 E Colorado Blvd, Pasadena CA 91105"
US,Los Angeles,Hollywood,"7083 Hollywood Boulevard, Los Angeles CA 90028"
US,Los Angeles,Fine Arts Building,"811 W 7th St, Los Angeles CA 90017"
US,Los Angeles,Constellation,"10250 Constellation Blvd, Los Angeles CA 90067"
US,Los Angeles,Manhattan Beach Towers,"1240 Rosecrans Ave #120, Manhattan Beach CA 90266"
US,Los Angeles,Gas Tower,"555 West 5th Street, 35th Floor, Los Angeles CA 90013"
US,Los Angeles,Promenade,"312 Arizona Ave, Santa Monica CA 90401"
US,Los Angeles,La Brea,"925 N La Brea Ave, Los Angeles CA 90038"
US,Los Angeles,Pacific Design Center,"750 N San Vicente Blvd, Los Angeles CA 90069"
US,Miami,Brickell City Centre,"78 SW 7th Street, Miami FL 33130"
US,Miami,Ponce de Leon,"2222 Ponce De Leon Blvd, Miami FL 33134"
US,Miami,Security Building,"117 NE 1st Ave, Miami FL 33132"
US,Miami,Lincoln Road,"350 Lincoln Road, Miami Beach FL 33139"
US,Miami,South of Fifth,"429 Lenox Ave, Miami Beach FL 33139"
US,Minneapolis,Capella Tower,"225 South 6th St, Minneapolis MN 55402"
US,Nashville,One Nashville Place,"150 4th Ave N, Nashville TN 37219"
US,Nashville,901 Woodland,"901 Woodland St, Nashville TN 37206"
US,New York City,Meatpacking,"1 Little West 12th Street, New York NY 10014"
US,New York City,West Broadway,"379 West Broadway, New York NY 10012"
US,New York City,W. 43rd St.,"311 W 43rd St., New York NY 10036"
US,New York City,42nd Street,"205 E 42nd St, New York NY 10017"
US,New York City,E. 57th St.,"135 E 57th Street, New York NY 10022"
US,New York City,110 Wall St,"110 Wall St, New York NY 10005"
US,New York City,Chelsea,"115 W 18th St, New York NY 10011"
US,New York City,Tower 49,"12 East 49th Street, New York NY 10017"
US,New York City,Dumbo Heights (Sands),"77 Sands St, Brooklyn NY 11201"
US,New York City,Soho,"154 Grand St., New York NY 10013"
US,New York City,Irving Place,"33 Irving Pl, New York NY 10003"
US,New York City,Times Square,"1460 Broadway, New York NY 10036"
US,New York City,428 Broadway,"428 Broadway, New York NY 10013"
US,New York City,Harlem,"8 W 126th Street, New York NY 10027"
US,New York City,500 7th Avenue,"500 7th Avenue, New York NY 10018"
US,New York City,30 West 21st Street,"30 West 21st Street, New York NY 10010"
US,New York City,18 West 18th Street,"18 West 18th Street, New York NY 10011"
US,New York City,Bryant Park,"54 W. 40th St., New York NY 10018"
US,New York City,Williamsburg,"134 N 4th St., Brooklyn NY 11249"
US,New York City,Grand Central,"450 Lexington Ave, New York NY 10017"
US,New York City,Dumbo Heights (Prospect),"81 Prospect St, Brooklyn NY 11201"
US,New York City,575 Fifth,"575 5th Ave., New York NY 10017"
US,New York City,88 University,"88 University Pl, New York NY 10003"
US,New York City,Empire State,"349 5th Avenue, New York NY 10016"
US,New York City,300 Park,"300 Park Avenue, New York NY 10022"
US,New York City,135 West 41st St.,"135 W 41st St, New York NY 10036"
US,New York City,Studio Square,"3537 36th Street, Astoria NY 11106"
US,New York City,205 Hudson,"205 Hudson St, New York NY 10013"
US,New York City,Fulton Center,"200 Broadway, New York NY 10038"
US,New York City,524 Broadway,"524 Broadway, New York NY 10012"
US,New York City,120 E 23rd St,"120 E 23rd St, New York NY 10010"
US,New York City,115 Broadway,"115 Broadway Street, New York NY 10006"
US,New York City,125 West 25th Street,"125 West 25th Street, New York NY 10001"
US,New York City,Montague St.,"195 Montague Street, Brooklyn NY 11201"
US,New York City,175 Varick St,"175 Varick Street, New York NY 10014"
US,New York City,404 Fifth Ave,"404 5th Ave, New York NY 10018"
US,New York City,Queens Plaza,"27-01 Queens Plaza N, Long Island City NY 11101"
US,New York City,Park South,"401 Park Avenue South, New York NY 10016"
US,New York City,11 Park Place,"11 Park Place, New York NY 10007"
US,New York City,Herald Square,"950 Sixth Ave, New York NY 10001"
US,New York City,W. 57th St.,"142 W 57th St, New York NY 10019"
US,New York City,79 Madison Ave,"79 Madison Ave, New York NY 10016"
US,New York City,Penn Station,"315 W 36th Street, New York NY 10018"
US,New York City,25 Broadway,"25 Broadway, New York NY 10004"
US,New York City,South Williamsburg,"109 S 5th Street, Brooklyn NY 11249"
US,New York City,Madison,"261 Madison Avenue, New York NY 10016"
US,New York City,85 Broad St,"85 Broad St, New York NY 10004"
US,New York City,222 Broadway,"222 Broadway, New York NY 10038"
US,New York City,135 Madison Ave,"135 Madison Ave, New York NY 10016"
US,Orange County,3200 Park Center Drive,"3200 Park Center Drive, Costa Mesa CA 92626"
US,Orange County,Spectrum Center,"200 Spectrum Center Drive, Irvine CA 92618"
US,Philadelphia/DC Suburbs,Tysons,"1775 Tysons Blvd, Tysons VA 22102"
US,Philadelphia/DC Suburbs,1601 Market,"1601 Market Street, Philadelphia PA 19103"
US,Philadelphia/DC Suburbs,1900 Market,"1900 Market Street, Philadelphia PA 19103"
US,Philadelphia/DC Suburbs,Crystal City,"2221 South Clark St, Arlington VA 22202"
US,Philadelphia/DC Suburbs,Walnut St.,"1430 Walnut Street, Philadelphia PA 19102"
US,Philadelphia/DC Suburbs,Northern Liberties,"1010 N Hancock St, Philadelphia PA 19123"
US,Portland,Custom House,"220 NW 8th Ave, Portland OR 97209"
US,Portland,920 SW 6th Ave,"920 SW 6th Ave, Portland OR 97204"
US,Portland,Pioneer Place,"700 SW Fifth Avenue, Portland OR 97204"
US,San Diego,B Street,"600 B Street, San Diego CA 92101"
US,San Diego,Aventine,"8910 University Center Lane, San Diego CA 92122"
US,Seattle,Denny Triangle,"1099 Stewart Street, Seattle WA 98101"
US,Seattle,925 4th Avenue,"925 4th Avenue, Seattle WA 98104"
US,Seattle,Lincoln Square,"10400 NE 4th Street, Bellevue WA 98004"
US,Seattle,Holyoke Building,"107 Spring St, Seattle WA 98104"
US,Seattle,South Lake Union,"500 Yale Avenue North, Seattle WA 98109"
US,Seattle,Westlake Tower,"1601 5th Ave, Seattle WA 98101"
US,Seattle,1411 4th Avenue,"1411 4th Avenue, Seattle WA 98101"
US,Seattle,1600 7th Avenue,"1600 7th Avenue, Seattle WA 98191"
US,Silicon Valley,401 San Antonio Road,"401 San Antonio Road, Mountain View CA 94040"
US,Washington DC,Apollo,"810 7th Street NE, Washington DC 20002"
US,Washington DC,Dupont Circle,"1875 Connecticut Ave NW, Washington DC 20009"
US,Washington DC,80 M SE,"80 M Street SE, Washington DC 20003"
US,Washington DC,Manhattan Laundry,"1342 Florida Ave NW, Washington DC 20009"
US,Washington DC,K Street,"1875 K St NW, Washington DC 20006"
US,Washington DC,Chinatown,"718 7th St NW, Washington DC 20001"
US,Washington DC,White House,"1440 G St NW, Washington DC 20005"
US,Washington DC,Wonder Bread Factory,"641 S Street NW, Washington DC 20001"